"productId","variantsId","inventoryId","name","barcode","sku","price","taxable","active"
"8491531239655","47874071429351","49972532216039","Arnés Aguacates XS","","","22500","No","draft"
"8491531239655","47874071462119","49972532248807","Arnés Aguacates S","","","28500","No","draft"
"8491531239655","47874071494887","49972532281575","Arnés Aguacates M","","","34500","No","draft"
"8491531239655","47874071527655","49972532314343","Arnés Aguacates L","","","39000","No","draft"
"8491530584295","47874067267815","49972528054503","Arnés Alcachofas XS","","","22500","No","draft"
"8491530584295","47874067300583","49972528087271","Arnés Alcachofas S","","","28500","No","draft"
"8491530584295","47874067333351","49972528120039","Arnés Alcachofas M","","","34500","No","draft"
"8491530584295","47874067366119","49972528152807","Arnés Alcachofas L","","","39000","No","draft"
"8246781378791","45298411602151","47395237200103","Arnés Bosque Coral XS","","","22500","No","draft"
"8246781378791","45298411634919","47395237232871","Arnés Bosque Coral S","","","28500","No","draft"
"8246781378791","45298411667687","47395237265639","Arnés Bosque Coral M","","","34500","No","draft"
"8246781378791","45298411700455","47395237298407","Arnés Bosque Coral L","","","39000","No","draft"
"8246782066919","45298434998503","47395260596455","Arnés Bosque Menta XS","","","22500","No","draft"
"8246782066919","45298435031271","47395260629223","Arnés Bosque Menta S","","","28500","No","draft"
"8246782066919","45298435064039","47395260661991","Arnés Bosque Menta M","","","34500","No","draft"
"8246782066919","45298435096807","47395260694759","Arnés Bosque Menta L","","","39000","No","draft"
"8491530846439","47874070675687","49972531462375","Arnés Chiles XS","","","22500","No","draft"
"8491530846439","47874070708455","49972531495143","Arnés Chiles S","","","28500","No","draft"
"8491530846439","47874070741223","49972531527911","Arnés Chiles M","","","34500","No","draft"
"8491530846439","47874070773991","49972531560679","Arnés Chiles L","","","39000","No","draft"
"8246784622823","45298487722215","47395313352935","Arnés Corazones XS","","","22500","No","draft"
"8246784622823","45298487787751","47395313385703","Arnés Corazones S","","","28500","No","draft"
"8246784622823","45298487820519","47395313418471","Arnés Corazones M","","","34500","No","draft"
"8246784622823","45298487853287","47395313451239","Arnés Corazones L","","","39000","No","draft"
"8246783148263","45298458525927","47395284123879","Arnés Criaturas XS","","","22500","No","draft"
"8246783148263","45298458558695","47395284156647","Arnés Criaturas S","","","28500","No","draft"
"8246783148263","45298458591463","47395284189415","Arnés Criaturas M","","","34500","No","draft"
"8246783148263","45298458624231","47395284222183","Arnés Criaturas L","","","39000","No","draft"
"8491530780903","47874070249703","49972531036391","Arnés Duraznos XS","","","22500","No","draft"
"8491530780903","47874070282471","49972531069159","Arnés Duraznos S","","","28500","No","draft"
"8491530780903","47874070315239","49972531101927","Arnés Duraznos M","","","34500","No","draft"
"8491530780903","47874070348007","49972531134695","Arnés Duraznos L","","","39000","No","draft"
"8246786949351","45298530648295","47395356246247","Arnés Galaxia XS","","","22500","No","draft"
"8246786949351","45298530681063","47395356279015","Arnés Galaxia S","","","28500","No","draft"
"8246786949351","45298530713831","47395356311783","Arnés Galaxia M","","","34500","No","draft"
"8246786949351","45298530746599","47395356344551","Arnés Galaxia L","","","39000","No","draft"
"8246783705319","45298468323559","47395293921511","Arnés Lunas XS","","","22500","No","draft"
"8246783705319","45298468356327","47395293954279","Arnés Lunas S","","","28500","No","draft"
"8246783705319","45298468389095","47395293987047","Arnés Lunas M","","","34500","No","draft"
"8246783705319","45298468421863","47395294019815","Arnés Lunas L","","","39000","No","draft"
"8491530944743","47874070937831","49972531724519","Arnés Piñas XS","","","22500","No","draft"
"8491530944743","47874070970599","49972531757287","Arnés Piñas S","","","28500","No","draft"
"8491530944743","47874071003367","49972531790055","Arnés Piñas M","","","34500","No","draft"
"8491530944743","47874071036135","49972531822823","Arnés Piñas L","","","39000","No","draft"
"8192505217255","44699944222951","46795688706279","Bolsa Multiusos Duo","","","41600","No","archived"
"8475069546727","47839343870183","49937792631015","Bolsa Multiusos El Mar","","","36000","No","draft"
"8475069415655","47839343247591","49937792008423","Bolsa Multiusos La Brisa","","","36000","No","active"
"8475069153511","47839342624999","49937791385831","Bolsa Multiusos La Playa","","","36000","No","active"
"8192503480551","44699916632295","46795661115623","Bolsa Multiusos Retro","","","52000","No","archived"
"8192513671399","44700025979111","46795770953959","Bolsa Multiusos Spadina","","","52000","No","archived"
"8330027303143","46286883848423","48385384546535","Bolsa Vinilo Fadi","","134954","46000","No","draft"
"8058822852839","44206520664295","46301830381799","Bolsa Vinilo Floral","","","36800","No","draft"
"8330026483943","46286881521895","48385382220007","Bolsa Vinilo Flourish","","134955","39100","No","draft"
"7811737747687","43190119071975","45284968562919","Bolsa Vinilo Roar","","","24500","No","archived"
"8058822656231","44206518304999","46301828022503","Bolsa Vinilo Titi","","","29750","No","archived"
"7811705798887","43189998354663","45284847845607","Bolsa Vinilo Wild","","","35000","No","archived"
"7569674207463","42544451584231","44639052234983","Bolsas Malla Azul","","","50000","Si","archived"
"7569652547815","42544415178983","44639015829735","Bolsas Malla Beige","","","50000","Si","archived"
"7569683120359","42544462692583","44639063376103","Bolsas Malla Menta","","","50000","Si","archived"
"7569681055975","42544460595431","44639061246183","Bolsas Malla Ocre","","","37500","Si","archived"
"7569678106855","42544456728807","44639057379559","Bolsas Malla Palo Rosa","","","50000","Si","archived"
"7569685184743","42544465215719","44639065866471","Bolsas Malla Verde","","","50000","Si","archived"
"8259750887655","45510370689255","47607285448935","Bolsas Viajera Banana Pop","","131752","64000","No","draft"
"8259750232295","45510366888167","47607281647847","Bolsas Viajera Bora","","131750","64000","No","archived"
"8259750428903","45510367445223","47607282204903","Bolsas Viajera Lirios","","131751","64000","No","draft"
"8259750559975","45510367903975","47607282663655","Bolsas Viajera Trópico","","135153","64000","No","archived"
"8383361974503","46708898791655","48808300478695","Bolsas Viajeras Aurora","","","80000","No","archived"
"8383359582439","46708895809767","48808297595111","Bolsas Viajeras Berna","","","68000","No","draft"
"8571432992999","48228714381543","50327507108071","Bolsas Viajeras Lila Floral","","","82000","No","active"
"8571433681127","48228723491047","50327516217575","Bolsas Viajeras Neon Garden","","","82000","No","active"
"7864629625063","43446319939815","45541197480167","Bolsas Viajeras Punta Sur","","","60000","No","archived"
"8383363481831","46708900659431","48808302346471","Bolsas Viajeras Rosa Oscuro","","","48000","No","archived"
"7864628510951","43446314205415","45541191745767","Bolsas Viajeras San Luis","","","60000","No","archived"
"8571433943271","48228724670695","50327517397223","Bolsas Viajeras Selva Beige","","","82000","No","active"
"8571434008807","48228724834535","50327517561063","Bolsas Viajeras Selva Oscuro","","","82000","No","active"
"7864627232999","43446306832615","45541184372967","Bolsas Viajeras Serrana","","","48000","No","archived"
"8434664472807","47070249746663","49170274681063","Bolso Corduroy Rosa Oscuro","","","95000","No","draft"
"8588221153511","48314178109671","50412990464231","Bono de regalo Mélika $ 50.000,00","","","50000","No","active"
"8588221153511","48314178142439","50412990496999","Bono de regalo Mélika $ 80.000,00","","","80000","No","active"
"8588221153511","48314178175207","50412990529767","Bono de regalo Mélika $ 100.000,00","","","100000","No","active"
"8588221153511","48314178207975","50412990562535","Bono de regalo Mélika $ 150.000,00","","","150000","No","active"
"8588221153511","48314178240743","50412990595303","Bono de regalo Mélika $ 200.000,00","","","200000","No","active"
"8368979345639","46614044016871","48713377022183","Cargadera Fadi","","","20000","No","draft"
"8368980787431","46614048506087","48713386393831","Cargadera Flourish","","","12000","No","draft"
"8368979280103","46614043951335","48713376956647","Cargadera Lila","","","20000","No","archived"
"7617448050919","42615307763943","44709924700391","Cartuchera Cofre Coral","","","24000","No","archived"
"7617443397863","42615302553831","44709919523047","Cartuchera Cofre Menta","","","24000","No","archived"
"7617444774119","42615304257767","44709921226983","Cartuchera Cofre Verde","","","24000","No","archived"
"8434948833511","47072473612519","49172458242279","Cartuchera Corduroy Rosa Oscuro","","","45000","No","archived"
"7649931493607","42680484954343","44775123484903","Cartuchera Cuadrada Folia","","","32000","No","archived"
"7633477173479","42643119538407","44737743290599","Cartuchera Cuadrada Haruku","","","32000","No","archived"
"7649930019047","42680481448167","44775119978727","Cartuchera Cuadrada Surfing Beige","","","32000","No","archived"
"7633483399399","42643143000295","44737766719719","Cartuchera Cuadrada Surfing Fucsia","","","32000","No","archived"
"8517333221607","47996754067687","50095240315111","Cartuchera Doble Beige","","","50000","No","active"
"8570848837863","48224335724775","50323123634407","Cartuchera Doble Lila Floral","","","48000","No","active"
"8520950186215","48013566050535","50112071958759","Cartuchera Doble Negra","","","50000","No","active"
"8570849591527","48224337887463","50323125797095","Cartuchera Doble Neon Garden","","","48000","No","active"
"8570850017511","48224339853543","50323127763175","Cartuchera Doble Selva Beige","","","48000","No","draft"
"8570850214119","48224340345063","50323128254695","Cartuchera Doble Selva Oscuro","","","48000","No","draft"
"8517333090535","47996753936615","50095240184039","Cartuchera Doble Verde","","","50000","No","draft"
"8721683284199","48902251970791","51001086574823","Cartuchera Esencial Menta","","","38000","No","active"
"8023323148519","44051689308391","46146958393575","Cartuchera Grande Mostaza","","","16000","No","archived"
"8192583991527","44701333651687","46797079511271","Cartuchera Maxi Duo","","","30400","No","archived"
"8192583631079","44701329359079","46797075185895","Cartuchera Maxi Retro","","","30400","No","draft"
"8192584253671","44701335584999","46797081444583","Cartuchera Maxi Spadina","","","30400","No","archived"
"8058825539815","44206536720615","46301846470887","Cartuchera Redonda Floral","","","22400","No","archived"
"8058824720615","44206533443815","46301843161319","Cartuchera Redonda Titi","","","28000","No","archived"
"8259749937383","45510341624039","47607256383719","Cartuchera Triangular Banana Pop","","134852","47000","No","archived"
"8259749282023","45510311444711","47607226204391","Cartuchera Triangular Bora","","134850","47000","No","draft"
"8457259483367","47307073028327","49406380572903","Cartuchera Triangular El Mar","","","55000","No","draft"
"7648160612583","42675765084391","44770400567527","Cartuchera Triangular Folia","","","45000","No","archived"
"7648151601383","42675733725415","44770369208551","Cartuchera Triangular Haruku","","","45000","No","archived"
"8457200074983","47306470883559","49405778362599","Cartuchera Triangular La Brisa","","","55000","No","draft"
"8457198928103","47306469212391","49405776691431","Cartuchera Triangular La Playa","","","46750","No","draft"
"8259749609703","45510317768935","47607232528615","Cartuchera Triangular Lirios","","","47000","No","archived"
"8457200894183","47306471997671","49405779476711","Cartuchera triangular playa","","","55000","Si","archived"
"7648155828455","42675744145639","44770379628775","Cartuchera Triangular Surfing Beige","","","45000","No","archived"
"7648159367399","42675759022311","44770394505447","Cartuchera Triangular Surfing Fucsia","","","45000","No","archived"
"8259749773543","45510331891943","47607246651623","Cartuchera Triangular Trópico","","134853","47000","No","archived"
"7617452376295","42615312941287","44709929910503","Cartuchera Vinilo","","","24000","No","archived"
"8489777332455","47870605852903","49969062871271","Collar Aguacates XS","","","14250","No","draft"
"8489777332455","47870605885671","49969062904039","Collar Aguacates S","","","18000","No","draft"
"8489777332455","47870605918439","49969062936807","Collar Aguacates M","","","21000","No","draft"
"8489777332455","47870605951207","49969062969575","Collar Aguacates L","","","24000","No","draft"
"8489777397991","47870606016743","49969063035111","Collar Alcachofas XS","","","14250","No","draft"
"8489777397991","47870606049511","49969063067879","Collar Alcachofas S","","","18000","No","draft"
"8489777397991","47870606082279","49969063100647","Collar Alcachofas M","","","21000","No","draft"
"8489777397991","47870606115047","49969063133415","Collar Alcachofas L","","","24000","No","draft"
"8246169731303","45288937128167","47385759154407","Collar Bosque Coral XS","","","14250","No","draft"
"8246169731303","45288937160935","47385759187175","Collar Bosque Coral S","","","18000","No","draft"
"8246169731303","45288937226471","47385759219943","Collar Bosque Coral M","","","21000","No","draft"
"8246169731303","45288937259239","47385759252711","Collar Bosque Coral L","","","24000","No","draft"
"8246169338087","45288932704487","47385754730727","Collar Bosque Menta XS","","","14250","No","draft"
"8246169338087","45288932737255","47385754763495","Collar Bosque Menta S","","","18000","No","draft"
"8246169338087","45288932770023","47385754796263","Collar Bosque Menta M","","","21000","No","draft"
"8246169338087","45288932802791","47385754829031","Collar Bosque Menta L","","","24000","No","draft"
"8489776414951","47870604017895","49969061036263","Collar Chiles XS","","","14250","No","draft"
"8489776414951","47870604050663","49969061069031","Collar Chiles S","","","18000","No","draft"
"8489776414951","47870604083431","49969061101799","Collar Chiles M","","","21000","No","draft"
"8489776414951","47870604116199","49969061134567","Collar Chiles L","","","24000","No","draft"
"8246167240935","45288903639271","47385725436135","Collar Corazones XS","","","14250","No","draft"
"8246167240935","45288903704807","47385725468903","Collar Corazones S","","","18000","No","draft"
"8246167240935","45288903737575","47385725501671","Collar Corazones M","","","21000","No","draft"
"8246167240935","45288903803111","47385725534439","Collar Corazones L","","","24000","No","draft"
"8246169960679","45288938504423","47385760530663","Collar Criaturas XS","","","14250","No","draft"
"8246169960679","45288938537191","47385760563431","Collar Criaturas S","","","18000","No","draft"
"8246169960679","45288938569959","47385760596199","Collar Criaturas M","","","21000","No","draft"
"8246169960679","45288938602727","47385760628967","Collar Criaturas L","","","24000","No","draft"
"8489781985511","47870630822119","49969087840487","Collar Duraznos XS","","","14250","No","draft"
"8489781985511","47870630854887","49969087873255","Collar Duraznos S","","","18000","No","draft"
"8489781985511","47870630887655","49969087906023","Collar Duraznos M","","","21000","No","draft"
"8489781985511","47870630920423","49969087938791","Collar Duraznos L","","","24000","No","draft"
"8246170353895","45288943452391","47385765478631","Collar Galaxia XS","","","14250","No","draft"
"8246170353895","45288943485159","47385765511399","Collar Galaxia S","","","18000","No","draft"
"8246170353895","45288943517927","47385765544167","Collar Galaxia M","","","21000","No","draft"
"8246170353895","45288943550695","47385765576935","Collar Galaxia L","","","24000","No","draft"
"8246168748263","45288926675175","47385748701415","Collar Lunas XS","","","14250","No","draft"
"8246168748263","45288926707943","47385748734183","Collar Lunas S","","","18000","No","draft"
"8246168748263","45288926740711","47385748766951","Collar Lunas M","","","21000","No","draft"
"8246168748263","45288926773479","47385748799719","Collar Lunas L","","","24000","No","draft"
"8489780838631","47870624628967","49969081647335","Collar Piñas XS","","","14250","No","draft"
"8489780838631","47870624661735","49969081680103","Collar Piñas S","","","18000","No","draft"
"8489780838631","47870624694503","49969081712871","Collar Piñas M","","","21000","No","draft"
"8489780838631","47870624727271","49969081745639","Collar Piñas L","","","24000","No","draft"
"8555553915111","48146695422183","50245311267047","Combo Cartuchera + Portacables Beige","","","66300","No","draft"
"8555552637159","48146678579431","50245294424295","Combo Cartuchera + Portacables Negro","","","66300","No","draft"
"8555552899303","48146679136487","50245294981351","Combo Cartuchera + Portacables Verde","","","66300","No","draft"
"8708896293095","48841787506919","50940693545191","Combo Cartuchera Doble Neón + Portacables Neón","","","62400","No","draft"
"8231883210983","45069046939879","47165466018023","Combo Cartuchera Maxi + Cosmetiquera Duo","","","56100","No","archived"
"8231898317031","45069197377767","47165616586983","Combo Cartuchera Maxi + Cosmetiquera Retro","","","56100","No","archived"
"8231899300071","45069211926759","47165631135975","Combo Cartuchera Maxi + Cosmetiquera Spadina","","","56100","No","archived"
"8372140212455","46646850650343","48746219995367","Combo Cosmetiquera Lila + Portalápiz Fadi","","","49300","No","archived"
"8372139983079","46646850355431","48746219733223","Combo Cosmetiquera Lila + Portalápiz Flourish","","","49300","No","archived"
"8200412037351","44759881744615","46855663485159","Combo Estuche iPad + Cartuchera Floral","","","62050","No","archived"
"8200412659943","44759885152487","46855666893031","Combo Estuche iPad + Cartuchera Floral","","","62050","No","archived"
"8116576551143","44485272764647","46580693041383","Combo Estuche iPad + Cartuchera Titi","","","62050","No","archived"
"8491659460839","47874438627559","49972899315943","Combo Estuche Ipad + Portacables El Mar","","","71200","No","draft"
"8491659067623","47874438103271","49972898791655","Combo Estuche Ipad + Portacables La Brisa","","","75650","No","draft"
"8491658379495","47874437218535","49972897906919","Combo Estuche Ipad + Portacables La Playa","","","75650","No","draft"
"8116573634791","44485239177447","46580659454183","Combo Lonchera + Cartuchera Floral","","","71400","No","archived"
"8200394899687","44759788126439","46855569834215","Combo Lonchera + Cartuchera Titi","","","71400","No","archived"
"8429003538663","47022153433319","49122173026535","Combo Minibag + Bolsa Vinilo Fadi","","","111350","No","draft"
"8429003800807","47022156120295","49122175779047","Combo Minibag + Bolsa Vinilo Flourish","","","111350","No","archived"
"8708898652391","48841795862759","50940701901031","Combo Minibag Lila Floral + Portacables Lila Floral","","","92000","No","active"
"8423241973991","46961726718183","49061718261991","Combo Morral + Bolsa Vinilo Lila y Fadi","","","132600","No","draft"
"8423241580775","46961723343079","49061714886887","Combo Morral + Bolsa Vinilo Lila y Flourish","","","132600","No","draft"
"8423241187559","46961696473319","49061688049895","Combo Morral + Lonchera Maxi Fadi","","","170000","No","draft"
"8423241318631","46961701093607","49061692670183","Combo Morral + Lonchera Maxi Flourish","","","170000","No","archived"
"8430719795431","47036718907623","49136751018215","Combo Morral Fadi + Lonchera Maxi Lila","","","170000","No","draft"
"8430717632743","47036698886375","49136731029735","Combo Morral Flourish + Lonchera Maxi Lila","","","170000","No","draft"
"8429010190567","47022229848295","49122249441511","Combo Morral Lila + Lonchera Maxi Fadi","","","170000","No","draft"
"8429010059495","47022229455079","49122249048295","Combo Morral Lila + Lonchera Maxi Flourish","","","170000","No","archived"
"8430714683623","47036677292263","49136709402855","Combo Morral Lila + Lonchera Maxi Lila","","","170000","No","draft"
"8491664965863","47874446491879","49972907180263","Combo Organizador + Cartuchera El Mar","","","120600","No","draft"
"8491663589607","47874444329191","49972905017575","Combo Organizador + Cartuchera La Playa","","","107200","No","archived"
"8708894359783","48841780429031","50940686467303","Combo Organizador Viajero Verde + Organizador Multiusos Beige","","","93600","No","draft"
"8058833076455","44206568997095","46301878845671","Combo Portacables + Cartuchera Floral","","","44200","No","archived"
"8058827473127","44206544421095","46301854171367","Combo Portacables + Cartuchera Titi","","","44200","No","archived"
"7795478823143","43078300926183","45173115715815","Combo Portacables + Portacelular Beige","","","35700","No","archived"
"7795465584871","43078206030055","45173020590311","Combo Portacables + Portacelular Folia","","","35700","No","archived"
"7795475284199","43078277890279","45173092581607","Combo Portacables + Portacelular Fucsia","","","35700","No","archived"
"8474196115687","47836313714919","49934763720935","Combo Portacables + Portalápiz El Mar","","","48800","No","draft"
"8474196934887","47836318204135","49934768210151","Combo Portacables + Portalápiz La Brisa","","","48800","No","archived"
"8474196803815","47836317483239","49934767489255","Combo Portacables + Portalápiz La Playa","","","48800","No","draft"
"8291612393703","46000400367847","48098751119591","Combo Portacables Maxi + Portacables Pequeño Banana Pop","","","57800","No","archived"
"8291613901031","46000421994727","48098772975847","Combo Portacables Maxi + Portacables Pequeño Bora","","","57800","No","archived"
"8601042485479","48407579295975","50506435461351","Combo Portacables Maxi + Portacables Pequeño Lila Floral","","","68000","No","archived"
"8291613606119","46000411279591","48098762227943","Combo Portacables Maxi + Portacables Pequeño Lirios","","","57800","No","archived"
"8601041895655","48407568548071","50506424713447","Combo Portacables Maxi + Portacables Pequeño Neon Garden","","","68000","No","archived"
"8601038356711","48407526703335","50506382868711","Combo Portacables Maxi + Portacables Pequeño Selva Beige","","","68000","No","draft"
"8601041076455","48407554556135","50506410721511","Combo Portacables Maxi + Portacables Pequeño Selva Oscura","","","68000","No","draft"
"8291614228711","46000434675943","48098785657063","Combo Portacables Maxi + Portacables Pequeño Trópico","","","57800","No","archived"
"8277771452647","45818790445287","47915865047271","Combo Portacables Maxi + Portacelular Banana Pop","","","52700","No","archived"
"8277771616487","45818802634983","47915877236967","Combo Portacables Maxi + Portacelular Bora","","","52700","No","archived"
"8277771976935","45818804109543","47915878711527","Combo Portacables Maxi + Portacelular Lirios","","","52700","No","archived"
"7862157869287","43434640802023","45529520210151","Combo Portacables Maxi + Portacelular Roar","","","47600","No","archived"
"8277771747559","45818803257575","47915877859559","Combo Portacables Maxi + Portacelular Trópico","","","52700","No","archived"
"7862155018471","43434633855207","45529513263335","Combo Portacables Maxi + Portacelular Wild","","","47600","No","archived"
"8634756301031","48593047421159","50691918299367","Combo Portacables X2 Neón + Lila","","","54000","No","active"
"8636860301543","48604483485927","50703357575399","Combo Portacables X2 Neon Garden","","","54000","No","active"
"8636859842791","48604482797799","50703356887271","Combo Portacables X2 Selva Oscura","","","54000","No","active"
"8638383096039","48611045736679","50709919203559","Combo Portacables X2 Selva Oscura + Lila","","","54000","No","active"
"8634757447911","48593049223399","50691920101607","Combo Portacables X3","","","76500","No","active"
"8634758037735","48593050829031","50691921707239","Combo Portacables X4","","","96000","No","active"
"8231021773031","45062899073255","47159314120935","Combo Tote Bag + Toalla Microfibra Punta sur","","","153000","No","archived"
"8231019380967","45062836519143","47159251566823","Combo Tote Bag + Toalla Microfibra San Luis","","","153000","No","archived"
"8231022297319","45062916440295","47159331487975","Combo Tote Bag + Toalla Microfibra Serrana","","","153000","No","archived"
"8491497488615","47873956937959","49972417790183","Correa Aguacates XS","","","18200","No","draft"
"8491497488615","47873956970727","49972417822951","Correa Aguacates S","","","21750","No","draft"
"8491497488615","47873957003495","49972417855719","Correa Aguacates M","","","25500","No","draft"
"8491497488615","47873957036263","49972417888487","Correa Aguacates L","","","28500","No","draft"
"8491498012903","47873958379751","49972419231975","Correa Alcachofas XS","","","18200","No","draft"
"8491498012903","47873958412519","49972419264743","Correa Alcachofas S","","","21750","No","draft"
"8491498012903","47873958445287","49972419297511","Correa Alcachofas M","","","25500","No","draft"
"8491498012903","47873958478055","49972419330279","Correa Alcachofas L","","","28500","No","draft"
"8246172745959","45289002467559","47385824493799","Correa Bosque Coral XS","","","18200","No","draft"
"8246172745959","45289002500327","47385824526567","Correa Bosque Coral S","","","21750","No","draft"
"8246172745959","45289002533095","47385824559335","Correa Bosque Coral M","","","25500","No","draft"
"8246172745959","45289002565863","47385824592103","Correa Bosque Coral L","","","28500","No","draft"
"8246176088295","45289045950695","47385868009703","Correa Bosque Menta XS","","","18200","No","draft"
"8246176088295","45289045983463","47385868042471","Correa Bosque Menta S","","","21750","No","draft"
"8246176088295","45289046048999","47385868075239","Correa Bosque Menta M","","","25500","No","draft"
"8246176088295","45289046081767","47385868108007","Correa Bosque Menta L","","","28500","No","draft"
"8491497652455","47873957658855","49972418511079","Correa Chiles XS","","","18200","No","draft"
"8491497652455","47873957691623","49972418543847","Correa Chiles S","","","21750","No","draft"
"8491497652455","47873957724391","49972418576615","Correa Chiles M","","","25500","No","draft"
"8491497652455","47873957757159","49972418609383","Correa Chiles L","","","28500","No","draft"
"8246172254439","45288993095911","47385815154919","Correa Corazones XS","","","18200","No","draft"
"8246172254439","45288993128679","47385815187687","Correa Corazones S","","","21750","No","draft"
"8246172254439","45288993161447","47385815220455","Correa Corazones M","","","25500","No","draft"
"8246172254439","45288993226983","47385815253223","Correa Corazones L","","","28500","No","draft"
"8246173860071","45289016099047","47385838125287","Correa Criaturas XS","","","18200","No","draft"
"8246173860071","45289016131815","47385838158055","Correa Criaturas S","","","21750","No","draft"
"8246173860071","45289016164583","47385838190823","Correa Criaturas M","","","25500","No","draft"
"8246173860071","45289016197351","47385838223591","Correa Criaturas L","","","28500","No","draft"
"8491497980135","47873958248679","49972419100903","Correa Duraznos XS","","","18200","No","draft"
"8491497980135","47873958281447","49972419133671","Correa Duraznos S","","","21750","No","draft"
"8491497980135","47873958314215","49972419166439","Correa Duraznos M","","","25500","No","draft"
"8491497980135","47873958346983","49972419199207","Correa Duraznos L","","","28500","No","draft"
"8246170845415","45288954134759","47385776160999","Correa Galaxia XS","","","18200","No","draft"
"8246170845415","45288954167527","47385776193767","Correa Galaxia S","","","21750","No","draft"
"8246170845415","45288954200295","47385776226535","Correa Galaxia M","","","25500","No","draft"
"8246170845415","45288954233063","47385776259303","Correa Galaxia L","","","28500","No","draft"
"8491496734951","47873954971879","49972415856871","Correa Lunas XS","","","18200","No","draft"
"8491496734951","47873955004647","49972415889639","Correa Lunas S","","","21750","No","draft"
"8491496734951","47873955037415","49972415922407","Correa Lunas M","","","25500","No","draft"
"8491496734951","47873955070183","49972415955175","Correa Lunas L","","","28500","No","draft"
"8491496603879","47873954349287","49972415234279","Correa Piñas XS","","","18200","No","draft"
"8491496603879","47873954382055","49972415267047","Correa Piñas S","","","21750","No","draft"
"8491496603879","47873954414823","49972415299815","Correa Piñas M","","","25500","No","draft"
"8491496603879","47873954447591","49972415332583","Correa Piñas L","","","28500","No","draft"
"8330025730279","46286873559271","48385374257383","Cosmetiquera Clásica Lila","","135456","32000","No","archived"
"8184281956583","44681321513191","46777060819175","Cosmetiquera Duo","","","28000","No","archived"
"8192518652135","44700098789607","46795843797223","Cosmetiquera Duo","","","28000","No","archived"
"8457183363303","47306379231463","49405685498087","Cosmetiquera El Mar","","","35000","No","draft"
"8457182314727","47306361209063","49405667475687","Cosmetiquera La Brisa","","","35000","No","draft"
"8383212978407","46707846447335","48807247970535","Cosmetiquera Pequeña Aurora","","","26000","No","archived"
"7648230539495","42675916079335","44770551562471","Cosmetiquera Pequeña Azul","","","14400","No","archived"
"7648223264999","42675899400423","44770534883559","Cosmetiquera Pequeña Beige","","","14400","No","archived"
"8382169776359","46701442302183","48800833143015","Cosmetiquera Pequeña Berna","","","26000","No","draft"
"8382170104039","46701442629863","48800833470695","Cosmetiquera Pequeña Flores","","","0","Si","draft"
"7648225001703","42675903234279","44770538717415","Cosmetiquera Pequeña Menta","","","14400","No","archived"
"7653531156711","42687478169831","44782120665319","Cosmetiquera Pequeña Mostaza","","","14400","No","archived"
"7648233783527","42675923189991","44770558640359","Cosmetiquera Pequeña Palo Rosa","","","14400","No","archived"
"7807368134887","43133814079719","45228645253351","Cosmetiquera Pequeña Roar","","","18000","No","archived"
"8383216124135","46707879575783","48807281098983","Cosmetiquera Pequeña Rosa Oscuro","","","26000","No","draft"
"7648227852519","42675909591271","44770545074407","Cosmetiquera Pequeña Verde","","","18000","No","archived"
"7807365808359","43133804904679","45228636111079","Cosmetiquera Pequeña Wild","","","18000","No","archived"
"7865472385255","43450733166823","45545611264231","Cosmetiquera Punta Sur","","","25500","No","archived"
"8184278450407","44681315123431","46777054462183","Cosmetiquera Retro","","","22400","No","archived"
"7865471598823","43450729726183","45545607856359","Cosmetiquera San Luis","","","30000","No","archived"
"7865469403367","43450720846055","45545598976231","Cosmetiquera Serrana","","","21000","No","archived"
"8184283922663","44681325248743","46777064587495","Cosmetiquera Spadina","","","28000","No","archived"
"8734972575975","48962432172263","51061360361703","Cosmetiquera Vinilo Alba","","","35000","No","active"
"8734975197415","48962437841127","51061365997799","Cosmetiquera Vinilo Ocaso","","","35000","No","active"
"8192516030695","44700070117607","46795815125223","Estuche Colores Duo","","","45000","No","archived"
"8192514818279","44700047966439","46795792941287","Estuche Colores Retro","","","45000","No","draft"
"8192516096231","44700071166183","46795816173799","Estuche Colores Spadina","","","45000","No","archived"
"8725249392871","48919284777191","51018205462759","Estuche iPad Alba","","","65000","No","active"
"8256714244327","45455292694759","47552202113255","Estuche iPad Banana Pop","","","45000","No","archived"
"8256716996839","45455458762983","47552368181479","Estuche iPad Bora","","","48000","No","archived"
"8457176056039","47306311368935","49405617701095","Estuche iPad El Mar","","","60000","No","archived"
"8058820231399","44206503952615","46301813670119","Estuche Ipad Floral","","","48000","No","archived"
"7655461126375","42692137484519","44786781126887","Estuche Ipad Folia","","","38400","No","archived"
"7617274413287","42615045161191","44709662130407","Estuche Ipad Haruku","","","45000","No","archived"
"8457177563367","47306319102183","49405625401575","Estuche iPad La Brisa","","","45000","No","draft"
"8457179037927","47306336239847","49405642539239","Estuche iPad La Playa","","","45000","No","draft"
"8256715030759","45455372648679","47552282067175","Estuche iPad Lirios","","","48000","No","draft"
"8689887969511","48754404655335","50853290770663","Estuche iPad Negro","","","65000","No","active"
"8725250670823","48919316300007","51018237018343","Estuche iPad Ocaso","","","65000","No","active"
"7617283588327","42615059022055","44709675991271","Estuche Ipad Surfing Beige","","","27000","No","archived"
"7617292959975","42615070785767","44709687754983","Estuche Ipad Surfing Fucsia","","","38400","No","archived"
"8058819707111","44206501658855","46301811376359","Estuche Ipad Titi","","","48000","No","archived"
"8256715129063","45455380840679","47552290259175","Estuche iPad Trópico","","","48000","No","draft"
"8711419199719","48856803639527","50955769020647","Estuche iPad Verde","","","65000","No","active"
"8383383535847","46899381141735","48999263895783","Estuche Pc Aurora 13 Pulgadas","","","42000","No","active"
"8383383535847","46899381174503","48999263928551","Estuche Pc Aurora 15 Pulgadas","","","45600","No","active"
"7617325334759","42615112335591","44709729304807","Estuche PC Azul 15 Pulgadas","","","30000","No","archived"
"7617325334759","42615112368359","44709729337575","Estuche PC Azul 13 Pulgadas","","","27000","No","archived"
"7633436410087","42643002294503","44737626046695","Estuche PC Beige 15 Pulgadas","","","30000","No","archived"
"7633436410087","42643002327271","44737626079463","Estuche PC Beige 13 Pulgadas","","","22500","No","archived"
"8517338562791","47996764225767","50095250473191","Estuche Pc Beige 13 Pulgadas","","","52500","No","active"
"8517338562791","47996764258535","50095250505959","Estuche Pc Beige 15 Pulgadas","","","57000","No","active"
"8383382716647","46899381895399","48999264649447","Estuche PC Berna 13 Pulgadas","","","42000","No","active"
"8383382716647","46899381928167","48999264682215","Estuche PC Berna 15 Pulgadas","","","45600","No","active"
"7633438802151","42643009110247","44737632862439","Estuche PC Menta 15 Pulgadas","","","25000","No","archived"
"7633438802151","42643009175783","44737632895207","Estuche PC Menta 13 Pulgadas","","","22500","No","archived"
"7654643007719","42690196406503","44784839524583","Estuche PC Mostaza 13 Pulgadas","","","22500","No","archived"
"7654643007719","44493507199207","46588931113191","Estuche PC Mostaza 15 Pulgadas","","","25000","No","archived"
"8517337841895","47996763406567","50095249653991","Estuche Pc Negro 13 Pulgadas","","","52500","No","active"
"8517337841895","47996763439335","50095249686759","Estuche Pc Negro 15 Pulgadas","","","57000","No","active"
"7633431986407","42642984534247","44737608286439","Estuche PC Palo Rosa 15 Pulgadas","","","25000","No","archived"
"7633431986407","42642984567015","44737608319207","Estuche PC Palo Rosa 13 Pulgadas","","","22500","No","archived"
"8383384092903","46899381469415","48999264223463","Estuche Pc Rosa Oscuro 13 Pulgadas","","","42000","No","archived"
"8383384092903","46899381502183","48999264256231","Estuche Pc Rosa Oscuro 15 Pulgadas","","","45600","No","archived"
"7866998227175","43457403617511","45552282206439","Estuche PC Verde 15 Pulgadas","","","25000","No","archived"
"7866998227175","43457403650279","45552282239207","Estuche PC Verde 13 Pulgadas","","","22500","No","archived"
"8517338398951","47996763996391","50095250243815","Estuche Pc Verde 13 Pulgadas","","","52500","No","active"
"8517338398951","47996764029159","50095250276583","Estuche Pc Verde 15 Pulgadas","","","57000","No","active"
"8531863404775","48057721716967","50156236505319","Free Shipping Product","","","100000","Si","active"
"8192516849895","44700082929895","46795827937511","Funda Pc Duo 15 Pulgadas","","","35400","No","draft"
"8192516849895","44700082962663","46795827970279","Funda Pc Duo 13 Pulgadas","","","32400","No","draft"
"8192516260071","44700074705127","46795819712743","Funda Pc Retro 15 Pulgadas","","","47200","No","archived"
"8192516260071","44700074737895","46795819745511","Funda Pc Retro 13 Pulgadas","","","43200","No","archived"
"8192516751591","44700082077927","46795827085543","Funda Pc Spadina 15 Pulgadas","","","59000","No","draft"
"8192516751591","44700082110695","46795827118311","Funda Pc Spadina 13 Pulgadas","","","43200","No","draft"
"8383380095207","46708984381671","48808386068711","Joyero Aurora","","","55000","No","draft"
"8383379013863","46708983103719","48808384790759","Joyero Berna","","","55000","No","draft"
"8383380652263","46708984938727","48808386625767","Joyero Rosa Oscuro","","","55000","No","archived"
"7896508236007","43587077308647","45681990140135","Lonchera Clásica Amarilla","","","35000","No","archived"
"8383376097511","46708951974119","48808353693927","Lonchera Clásica Aurora","","","68000","No","draft"
"8260779573479","45534035050727","47630952562919","Lonchera Clásica Banana Pop","","","57800","No","draft"
"8383374983399","46708950761703","48808352448743","Lonchera Clásica Berna","","","57800","No","draft"
"8260778885351","45534019682535","47630937227495","Lonchera Clásica Bora","","","58000","No","archived"
"8457173893351","47306207592679","49405513892071","LONCHERA CLASICA BRISA","","","68000","Si","draft"
"8474195329255","47836310864103","49934760870119","Lonchera Clásica El Mar","","","68000","No","draft"
"8058818724071","44206497071335","46301806788839","Lonchera Clásica Floral","","","58000","No","archived"
"8474196017383","47836313682151","49934763688167","Lonchera Clásica La Brisa","","","68000","No","draft"
"8474195984615","47836313583847","49934763589863","Lonchera Clásica La Playa","","","47600","No","draft"
"8571430273255","48228692852967","50327485612263","Lonchera Clásica Lila Floral","","","70000","No","active"
"8260779147495","45534027579623","47630945124583","Lonchera Clásica Lirios","","","57800","No","draft"
"8457173565671","47306199269607","49405505568999","Lonchera clásica Mar","","","0","Si","draft"
"7648409190631","42676365033703","44771002482919","Lonchera Clásica Menta","","","50000","No","archived"
"8571430895847","48228698521831","50327491281127","Lonchera Clásica Neon Garden","","","70000","No","active"
"7648419971303","42676389150951","44771026600167","Lonchera Clásica Palo Rosa","","","50000","No","archived"
"8457174253799","47306237640935","49405543973095","LONCHERA CLASICA PLAYA","","","68000","Si","draft"
"7807373246695","43133826498791","45228657672423","Lonchera Clásica Roar","","","56000","No","archived"
"8383377211623","46708953186535","48808354873575","Lonchera Clásica Rosa Oscuro","","","68000","No","archived"
"8571431059687","48228698947815","50327491707111","Lonchera Clásica Selva Beige","","","70000","No","draft"
"8587664916711","48309729460455","50408540438759","Lonchera Clásica Selva Oscura","","","70000","No","active"
"8058813448423","44206474887399","46301784572135","Lonchera Clásica Titi","","","58000","No","archived"
"8260779344103","45534031053031","47630948597991","Lonchera Clásica Trópico","","","58000","No","draft"
"7648410009831","42676367196391","44771004645607","Lonchera Clásica Verde","","","50000","No","archived"
"7807371313383","43133822304487","45228653478119","Lonchera Clásica Wild","","","56000","No","archived"
"8184246370535","44681255715047","46776995053799","Lonchera Duo","","","56000","No","archived"
"8330036904167","46286927134951","48385427833063","Lonchera Maxi Fadi","","134554","90000","No","draft"
"8330036478183","46286926807271","48385427505383","Lonchera Maxi Flourish","","134555","54000","No","draft"
"7617386709223","42615228661991","44709845565671","Lonchera Maxi Folia","","","70000","No","archived"
"7617377730791","42615217488103","44709834457319","Lonchera Maxi Haruku","","","70000","No","archived"
"8330035364071","46286924447975","48385425146087","Lonchera Maxi Lila","","134556","90000","No","draft"
"7864625627367","43446296248551","45541173788903","Lonchera Maxi Punta Sur","","","72000","No","draft"
"7864617992423","43446242509031","45541120049383","Lonchera Maxi San Luis","","","70000","No","archived"
"7864616091879","43446229860583","45541107400935","Lonchera Maxi Serrana","","","70000","No","archived"
"7617380352231","42615221158119","44709838127335","Lonchera Maxi Surfing Beige","","","70000","No","archived"
"7617383104743","42615224959207","44709841928423","Lonchera Maxi Surfing Fucsia","","","70000","No","archived"
"8184095342823","44680978956519","46776718295271","Lonchera Retro","","","51000","No","archived"
"8184248500455","44681259352295","46776998691047","Lonchera Spadina","","","56000","No","archived"
"8733817274599","48958391058663","51057317806311","Lonchera Ultra Alba","","","80000","No","active"
"8733822091495","48958399119591","51057325867239","Lonchera Ultra Ocaso","","","80000","No","active"
"8256718995687","45455515680999","47552425099495","Mini Bag Banana Pop","","","68000","No","archived"
"8517329027303","47996745187559","50095231434983","Mini Bag Beige","","","85000","No","draft"
"8256719257831","45455516238055","47552425656551","Mini Bag Bora","","","68000","No","archived"
"8192583205095","44701326573799","46797072400615","Mini Bag Duo","","","51000","No","draft"
"8330034741479","46286923792615","48385424490727","Mini Bag Fadi","","136154","59500","No","draft"
"8330034577639","46286923366631","48385424064743","Mini Bag Flourish","","136155","76500","No","archived"
"8256719290599","45455516270823","47552425689319","Mini Bag Lila","","136156","85000","No","draft"
"8571436007655","48228732698855","50327525425383","Mini Bag Lila Floral","","","68000","No","active"
"8256719126759","45455516139751","47552425558247","Mini Bag Lirios","","","65000","No","archived"
"8517330403559","47996749676775","50095235924199","Mini Bag Negro","","","85000","No","draft"
"8571436302567","48228734304487","50327527031015","Mini Bag Neon Garden","","","68000","No","active"
"8192520683751","44700144074983","46795889082599","Mini Bag Retro","","","65000","No","archived"
"8571436433639","48228734828775","50327527555303","Mini Bag Selva Beige","","","68000","No","active"
"8571436794087","48228735647975","50327528374503","Mini Bag Selva Oscuro","","","68000","No","active"
"8192576749799","44701189439719","46796935135463","Mini Bag Spadina","","","68000","No","archived"
"8445641228519","47169426424039","49268684718311","Mini Bag Trópico","","","68000","No","archived"
"8517329715431","47996747710695","50095233958119","Mini Bag Verde","","","68000","No","active"
"8457189163239","47306433724647","49405740056807","Mini Bolso El Mar","","","80000","No","archived"
"8457191162087","47306436247783","49405742579943","Mini Bolso La Brisa","","","56000","No","draft"
"8457193357543","47306438901991","49405745234151","Mini Bolso La Playa","","","56000","No","draft"
"7570357813479","42545342578919","44639944016103","Morral Azul","","","63000","No","draft"
"7570356175079","42545340809447","44639942246631","Morral Beige","","","63000","No","draft"
"8332283904231","46305585496295","48404148617447","Morral Clásico Fadi","","136554","71500","No","active"
"8332284362983","46305585955047","48404149076199","Morral Clásico Flourish","","136555","77000","No","archived"
"8332274499815","46305545355495","48404108378343","Morral Clásico Lila","","136556","55000","No","draft"
"7807393366247","43133887774951","45228718948583","Morral Clásico Roar","","","56000","No","draft"
"7807383240935","43133854220519","45228685394151","Morral Clásico Wild","","","80000","No","draft"
"7976821063911","43871875662055","45966994178279","Morral Coral","","","63000","No","archived"
"7570361483495","42545346380007","44639947817191","Morral Menta","","","63000","No","archived"
"8042425286887","44131456680167","46226757746919","Morral Orquídeas","","","55250","No","archived"
"7570364137703","42545349198055","44639950635239","Morral Palo Rosa","","","63000","No","archived"
"7976807530727","43871817498855","45966936015079","Morral Uva","","","63000","No","archived"
"7570367807719","42545354539239","44639955943655","Morral Verde","","","63000","No","archived"
"7569762091239","42544555393255","44639156044007","Neceser Azul","","","27000","No","archived"
"7569716707559","42544502309095","44639102959847","Neceser Beige","","","22500","No","draft"
"7569765662951","42544558997735","44639159648487","Neceser Menta","","","27000","No","archived"
"7569769955559","42544563519719","44639164170471","Neceser Ocre","","","27000","No","draft"
"7569773134055","42544566796519","44639167447271","Neceser Palo Rosa","","","27000","No","archived"
"7569767301351","42544560832743","44639161483495","Neceser Verde","","","27000","No","archived"
"8383370428647","46708943552743","48808345239783","Organizador Aurora","","","70000","No","draft"
"8383369183463","46708941652199","48808343372007","Organizador Berna","","","70000","No","draft"
"8557363101927","48158447173863","50257064919271","Organizador de Viaje Beige","","","75000","No","active"
"8557346980071","48158144332007","50256762077415","Organizador de Viaje Negro","","","75000","No","archived"
"8557310574823","48158071259367","50256689037543","Organizador de Viaje Verde","","","75000","No","active"
"8730964361447","48943471460583","51042394996967","Organizador Doble Alba","","","62000","No","active"
"8732108751079","48949566341351","51048494170343","Organizador Doble Ocaso","","","62000","No","active"
"7811756949735","43190176022759","45285025513703","Organizador Maquillaje Roar","","","45000","No","archived"
"7811750985959","43190159442151","45285008933095","Organizador Maquillaje Wild","","","45000","No","archived"
"7865010815207","43448293458151","45543171490023","Organizador Múltiple Punta Sur","","","60000","No","draft"
"7865009733863","43448287658215","45543165690087","Organizador Múltiple San Luis","","","60000","No","draft"
"7864989581543","43448180539623","45543058079975","Organizador Múltiple Serrana","","","60000","No","archived"
"8517333713127","47996755017959","50095241265383","Organizador Multiusos Beige","","","42000","No","archived"
"8330033168615","46286920941799","48385421639911","Organizador Multiusos Fadi","","134754","42000","No","draft"
"8330032742631","46286906458343","48385407156455","Organizador Multiusos Flourish","","134755","42000","No","draft"
"8330032152807","46286891614439","48385392312551","Organizador Multiusos Lila","","134756","42000","No","archived"
"8570851328231","48224346144999","50323134054631","Organizador Multiusos Lila Floral","","","42000","No","draft"
"8517334860007","47996756295911","50095242543335","Organizador Multiusos Negro","","","42000","No","draft"
"8570851590375","48224347226343","50323135135975","Organizador Multiusos Neon Garden","","","42000","No","active"
"8570850836711","48224342900967","50323130810599","Organizador Multiusos Selva Beige","","","42000","No","draft"
"8570851164391","48224344375527","50323132285159","Organizador Multiusos Selva Oscuro","","","42000","No","active"
"8517334728935","47996756132071","50095242379495","Organizador Multiusos Verde","","","42000","No","active"
"8721676501223","48902241190119","51001075826919","Organizador Plus Menta","","","65000","No","active"
"8383371772135","46708946829543","48808348516583","Organizador Rosa Oscuro","","","70000","No","draft"
"7976829321447","43871910428903","45967028977895","Organizador Sencillo Lunas","","","28800","No","archived"
"8741774426343","48992819642599","51091753042151","Organizador Triple Alba","","","56000","No","draft"
"8741765120231","48992755187943","51091688587495","Organizador Triple Ocaso","","","56000","No","active"
"7868258451687","43465102360807","45559983833319","Organizador Triple Punta Sur","","","46000","No","draft"
"7868259434727","43465108652263","45559990157543","Organizador Triple San Luis","","","32200","No","draft"
"7868233777383","43464989966567","45559871471847","Organizador Triple Serrana","","","46000","No","archived"
"7562288660711","42531684614375","44626277695719","Organizador Viajero Azul","","","50000","No","archived"
"7562239213799","42531542860007","44626135941351","Organizador Viajero Beige","","","50000","No","archived"
"8457204302055","47306499064039","49405806543079","Organizador Viajero El Mar","","","79000","No","archived"
"8332285116647","46305594081511","48404157202663","Organizador Viajero Fadi","","136754","79000","No","draft"
"8332286656743","46305614561511","48404177682663","Organizador Viajero Flourish","","136754","79000","No","archived"
"8267287232743","45675251171559","47772284780775","Organizador Viajero Grande Banana Pop","","","64000","No","draft"
"8267287101671","45675251106023","47772284715239","Organizador Viajero Grande Bora","","","72000","No","draft"
"7652827922663","42686180065511","44780822331623","Organizador Viajero Grande Folia","","","70000","No","draft"
"7652820910311","42686172168423","44780814434535","Organizador Viajero Grande Haruku","","","70000","No","archived"
"8265212199143","45623417766119","47720385347815","Organizador Viajero Grande Lirios","","","72000","No","draft"
"7652823072999","42686175215847","44780817481959","Organizador Viajero Grande Surfing Beige","","","70000","No","archived"
"7652825170151","42686177345767","44780819611879","Organizador Viajero Grande Surfing Fucsia","","","70000","No","draft"
"8267287265511","45675251400935","47772285010151","Organizador Viajero Grande Trópico","","","72000","No","archived"
"8457205416167","47306500407527","49405807886567","Organizador Viajero La Brisa","","","79000","No","archived"
"8457206366439","47306501587175","49405809066215","Organizador Viajero La Playa","","","79000","No","draft"
"8571434205415","48228726636775","50327519363303","Organizador Viajero Lila Floral","","","80000","No","archived"
"7562297508071","42531703783655","44626296864999","Organizador Viajero Menta","","","40000","No","archived"
"7562326966503","42531758375143","44626351456487","Organizador Viajero Mostaza","","","40000","No","archived"
"8571434729703","48228729061607","50327521788135","Organizador Viajero Neon Garden","","","80000","No","active"
"7562316153063","42531740025063","44626333106407","Organizador Viajero Palo Rosa","","","40000","No","archived"
"8571435221223","48228730339559","50327523066087","Organizador Viajero Selva Beige","","","80000","No","draft"
"8571435581671","48228731158759","50327523885287","Organizador Viajero Selva Oscuro","","","80000","No","archived"
"7654637863143","42690185789671","44784828940519","Organizador Viajero Verde","","","40000","No","archived"
"8489647931623","47870016684263","49968473964775","Pañoleta Aguacates XS","","","10500","No","draft"
"8489647931623","47870016717031","49968473997543","Pañoleta Aguacates S","","","12000","No","draft"
"8489647931623","47870016749799","49968474030311","Pañoleta Aguacates M","","","13500","No","draft"
"8489647931623","47870016782567","49968474063079","Pañoleta Aguacates L","","","16500","No","draft"
"8489648160999","47870017175783","49968474456295","Pañoleta Alcachofas XS","","","10500","No","draft"
"8489648160999","47870017208551","49968474489063","Pañoleta Alcachofas S","","","12000","No","draft"
"8489648160999","47870017241319","49968474521831","Pañoleta Alcachofas M","","","13500","No","draft"
"8489648160999","47870017274087","49968474554599","Pañoleta Alcachofas L","","","16500","No","draft"
"8489653010663","47870043652327","49968500932839","Pañoleta Bananos XS","","","10500","No","draft"
"8489653010663","47870043685095","49968500965607","Pañoleta Bananos S","","","12000","No","draft"
"8489653010663","47870043717863","49968500998375","Pañoleta Bananos M","","","13500","No","draft"
"8489653010663","47870043750631","49968501031143","Pañoleta Bananos L","","","16500","No","draft"
"8246166749415","45288889155815","47385711182055","Pañoleta Bosque Coral XS","","","10500","No","draft"
"8246166749415","45288889188583","47385711214823","Pañoleta Bosque Coral S","","","12000","No","draft"
"8246166749415","45288889221351","47385711247591","Pañoleta Bosque Coral M","","","13500","No","draft"
"8246166749415","45288889254119","47385711280359","Pañoleta Bosque Coral L","","","16500","No","draft"
"8246166520039","45288884568295","47385706594535","Pañoleta Bosque Menta XS","","","10500","No","draft"
"8246166520039","45288884601063","47385706627303","Pañoleta Bosque Menta S","","","12000","No","draft"
"8246166520039","45288884633831","47385706660071","Pañoleta Bosque Menta M","","","13500","No","draft"
"8246166520039","45288884666599","47385706692839","Pañoleta Bosque Menta L","","","16500","No","draft"
"8489647800551","47870015504615","49968472785127","Pañoleta Chiles XS","","","10500","No","draft"
"8489647800551","47870015537383","49968472817895","Pañoleta Chiles S","","","12000","No","draft"
"8489647800551","47870015570151","49968472850663","Pañoleta Chiles M","","","13500","No","draft"
"8489647800551","47870015602919","49968472883431","Pañoleta Chiles L","","","16500","No","draft"
"8246167011559","45288898396391","47385720422631","Pañoleta Corazones XS","","","10500","No","draft"
"8246167011559","45288898429159","47385720455399","Pañoleta Corazones S","","","12000","No","draft"
"8246167011559","45288898461927","47385720488167","Pañoleta Corazones M","","","13500","No","draft"
"8246167011559","45288898494695","47385720520935","Pañoleta Corazones L","","","16500","No","draft"
"8246166913255","45288894857447","47385716883687","Pañoleta Criaturas XS","","","10500","No","draft"
"8246166913255","45288894890215","47385716916455","Pañoleta Criaturas S","","","12000","No","draft"
"8246166913255","45288894922983","47385716949223","Pañoleta Criaturas M","","","13500","No","draft"
"8246166913255","45288894988519","47385716981991","Pañoleta Criaturas L","","","16500","No","draft"
"8489648423143","47870017667303","49968474947815","Pañoleta Duraznos XS","","","10500","No","draft"
"8489648423143","47870017700071","49968474980583","Pañoleta Duraznos S","","","12000","No","draft"
"8489648423143","47870017732839","49968475013351","Pañoleta Duraznos M","","","13500","No","draft"
"8489648423143","47870017765607","49968475046119","Pañoleta Duraznos L","","","16500","No","draft"
"8246163669223","45288811790567","47385633784039","Pañoleta Galaxia XS","","","10500","No","draft"
"8246163669223","45288811823335","47385633816807","Pañoleta Galaxia S","","","12000","No","draft"
"8246163669223","45288811856103","47385633849575","Pañoleta Galaxia M","","","13500","No","draft"
"8246163669223","45288811888871","47385633882343","Pañoleta Galaxia L","","","16500","No","draft"
"8246166257895","45288876015847","47385698042087","Pañoleta Lunas XS","","","10500","No","draft"
"8246166257895","45288876048615","47385698074855","Pañoleta Lunas S","","","12000","No","draft"
"8246166257895","45288876081383","47385698107623","Pañoleta Lunas M","","","13500","No","draft"
"8246166257895","45288876114151","47385698140391","Pañoleta Lunas L","","","16500","No","draft"
"8489652453607","47870040834279","49968498114791","Pañoleta Micos XS","","","10500","No","draft"
"8489652453607","47870040867047","49968498147559","Pañoleta Micos S","","","12000","No","draft"
"8489652453607","47870040899815","49968498180327","Pañoleta Micos M","","","13500","No","draft"
"8489652453607","47870040932583","49968498213095","Pañoleta Micos L","","","16500","No","draft"
"8489652814055","47870043160807","49968500441319","Pañoleta Palmeras XS","","","10500","No","draft"
"8489652814055","47870043193575","49968500474087","Pañoleta Palmeras S","","","12000","No","draft"
"8489652814055","47870043226343","49968500506855","Pañoleta Palmeras M","","","13500","No","draft"
"8489652814055","47870043259111","49968500539623","Pañoleta Palmeras L","","","16500","No","draft"
"8489647309031","47870011015399","49968468295911","Pañoleta Piñas XS","","","10500","No","draft"
"8489647309031","47870011048167","49968468328679","Pañoleta Piñas S","","","12000","No","draft"
"8489647309031","47870011080935","49968468361447","Pañoleta Piñas M","","","13500","No","draft"
"8489647309031","47870011113703","49968468394215","Pañoleta Piñas L","","","16500","No","draft"
"8489648554215","47870017929447","49968475209959","Pañoleta Selva XS","","","10500","No","draft"
"8489648554215","47870017962215","49968475242727","Pañoleta Selva S","","","12000","No","draft"
"8489648554215","47870017994983","49968475275495","Pañoleta Selva M","","","13500","No","draft"
"8489648554215","47870018027751","49968475308263","Pañoleta Selva L","","","16500","No","draft"
"8491999592679","47875418095847","49973879800039","Portabolsas Alcachofas XS","","","22500","No","draft"
"8491999592679","47875418128615","49973879832807","Portabolsas Alcachofas S","","","28500","No","draft"
"8491999592679","47875418161383","49973879865575","Portabolsas Alcachofas M","","","34500","No","draft"
"8491999592679","47875418194151","49973879898343","Portabolsas Alcachofas L","","","39000","No","draft"
"8491999658215","47875418259687","49973879963879","Portabolsas Alcachofas XS","","","22500","No","draft"
"8491999658215","47875418292455","49973879996647","Portabolsas Alcachofas S","","","28500","No","draft"
"8491999658215","47875418325223","49973880029415","Portabolsas Alcachofas M","","","34500","No","draft"
"8491999658215","47875418357991","49973880062183","Portabolsas Alcachofas L","","","39000","No","draft"
"8491997167847","47875413541095","49973875245287","Portabolsas Chiles XS","","","22500","No","draft"
"8491997167847","47875413573863","49973875278055","Portabolsas Chiles S","","","28500","No","draft"
"8491997167847","47875413606631","49973875310823","Portabolsas Chiles M","","","34500","No","draft"
"8491997167847","47875413639399","49973875343591","Portabolsas Chiles L","","","39000","No","draft"
"8383354929383","46708861632743","48808263188711","Portacables Aurora","","","29000","No","draft"
"8256717127911","45455466332391","47552375750887","Portacables Banana Pop","","","29000","No","draft"
"8517327880423","47996736864487","50095223111911","Portacables Beige","","","34000","No","active"
"8383352996071","46708857209063","48808258765031","Portacables Berna","","","29000","No","draft"
"8256717619431","45455497527527","47552406946023","Portacables Bora","","","29000","No","draft"
"8464024666343","47500741476583","49599828066535","Portacables El Mar","","","29000","No","archived"
"8330024321255","46286852063463","48385352761575","Portacables Fadi","","133954","29000","No","draft"
"8058822033639","44206512931047","46301822648551","Portacables Floral","","","24000","No","draft"
"8330023895271","46286851506407","48385352237287","Portacables Flourish","","133955","29000","No","draft"
"7633512857831","42643244482791","44737868234983","Portacables Folia","","","22100","No","draft"
"7633514823911","42643249168615","44737872920807","Portacables Haruku","","","24000","No","archived"
"8464024731879","47500750356711","49599836979431","Portacables La Brisa","","","29000","No","draft"
"8464024699111","47500747538663","49599834161383","Portacables La Playa","","","26100","No","draft"
"8330020880615","46286847082727","48385347780839","Portacables Lila","","133956","29000","No","draft"
"8571424571623","48228648321255","50327438983399","Portacables Lila Floral","","","30000","No","active"
"8256717258983","45455482487015","47552391905511","Portacables Lirios","","","29000","No","draft"
"8259753410791","45510425182439","47607339942119","Portacables Maxi Banana Pop","","135152","42000","No","archived"
"8259752886503","45510412927207","47607327686887","Portacables Maxi Bora","","135150","42000","No","draft"
"8571426636007","48228664803559","50327455465703","Portacables Maxi Lila floral","","","50000","No","archived"
"8259753115879","45510424854759","47607339614439","Portacables Maxi Lirios","","135151","42000","No","draft"
"8571426930919","48228668965095","50327459627239","Portacables Maxi Neon Garden","","","50000","No","draft"
"7811747578087","43190149546215","45284999037159","Portacables Maxi Roar","","","38000","No","draft"
"8571427127527","48228672504039","50327463166183","Portacables Maxi Selva Beige","","","50000","No","draft"
"8571427422439","48228673421543","50327464083687","Portacables Maxi Selva Oscuro","","","50000","No","draft"
"8260779933927","45534043701479","47630961246439","Portacables Maxi Trópico","","","42000","No","draft"
"7811742630119","43190136111335","45284985569511","Portacables Maxi Wild","","","35700","No","draft"
"7655595245799","42692464378087","44787108380903","Portacables Menta","","","20400","No","archived"
"7655598915815","42692475486439","44787119489255","Portacables Mostaza","","","16800","No","archived"
"8517326897383","47996735226087","50095221473511","Portacables Negro","","","34000","No","active"
"8571425095911","48228652810471","50327443472615","Portacables Neon Garden","","","30000","No","active"
"7864987451623","43448171462887","45543049494759","Portacables Punta Sur","","","24000","No","archived"
"7655588266215","42692446028007","44787090063591","Portacables Rosa","","","20000","No","archived"
"8383355912423","46708862877927","48808264433895","Portacables Rosa Oscuro","","","29000","No","draft"
"7864986140903","43448166351079","45543044055271","Portacables San Luis","","","24000","No","draft"
"8571425325287","48228656218343","50327446880487","Portacables Selva Beige","","","30000","No","active"
"8571425784039","48228660019431","50327450681575","Portacables Selva Oscuro","","","30000","No","active"
"7864797200615","43447227220199","45542104760551","Portacables Serrana","","","24000","No","draft"
"7633519837415","42643264831719","44737888616679","Portacables Surfing Beige","","","22100","No","draft"
"7633517576423","42643259261159","44737883046119","Portacables Surfing Fucsia","","","24000","No","archived"
"8058821640423","44206509818087","46301819535591","Portacables Titi","","","24000","No","draft"
"8256717422823","45455491727591","47552401146087","Portacables Trópico","","","29000","No","draft"
"7758468251879","42904951292135","44999733575911","Portacables Verde","","","20400","No","archived"
"8517327913191","47996736897255","50095223144679","Portacables Verde","","","34000","No","active"
"7655570538727","42692401758439","44787045630183","Portacelular Azul","","","16000","No","archived"
"8256718143719","45455511257319","47552420675815","Portacelular Banana Pop","","","20000","No","draft"
"7655566180583","42692392681703","44787036553447","Portacelular Beige","","","16000","No","archived"
"8256718799079","45455514468583","47552423887079","Portacelular Bora","","","20000","No","archived"
"7633534320871","42643299959015","44737923743975","Portacelular Folia","","","17000","No","archived"
"7633536090343","42643303760103","44737927545063","Portacelular Haruku","","","18000","No","archived"
"8570853720295","48224354140391","50323142050023","Portacelular Lila Floral","","","26000","No","draft"
"8256718602471","45455513420007","47552422838503","Portacelular Lirios","","","20000","No","archived"
"7655573782759","42692411130087","44787054969063","Portacelular Menta","","","14400","No","archived"
"7655553171687","42692362502375","44787006374119","Portacelular Mostaza","","","14400","No","archived"
"8570853163239","48224352567527","50323140477159","Portacelular Neon Garden","","","26000","No","active"
"7807350472935","43133764468967","45228595642599","Portacelular Roar","","","15300","No","archived"
"7655560806631","42692378722535","44787022627047","Portacelular Rosa","","","16000","No","archived"
"8570853785831","48224354304231","50323142213863","Portacelular Selva Beige","","","23400","No","draft"
"8570854080743","48224355418343","50323143327975","Portacelular Selva Oscuro","","","26000","No","draft"
"7652752785639","42686063706343","44780704989415","Portacelular Surfing Beige","","","17000","No","archived"
"7633538285799","42643311984871","44737935769831","Portacelular Surfing Fucsia","","","17000","No","archived"
"8256718700775","45455513845991","47552423264487","Portacelular Trópico","","","20000","No","archived"
"7758464811239","42904944247015","44999726530791","Portacelular Verde","","","14400","No","archived"
"7807348113639","43133757980903","45228589154535","Portacelular Wild","","","18000","No","archived"
"8725260042471","48919369613543","51018290266343","Portalápiz Alba","","","34000","No","active"
"8708572119271","48839978582247","50938884522215","Portalápiz Beige","","","34000","No","active"
"8457186640103","47306406822119","49405713154279","Portalápiz El Mar","","","32000","No","archived"
"8332289016039","46305618067687","48404181188839","Portalápiz Fadi","","131954","26000","No","draft"
"8332289835239","46305618886887","48404182008039","Portalápiz Flourish","","131955","26000","No","draft"
"7652786077927","42686120460519","44780762726631","Portalápiz Grande Folia","","","22400","No","archived"
"7652778377447","42686108795111","44780751061223","Portalapiz Grande Haruku","","","28000","No","archived"
"7652779491559","42686111383783","44780753584359","Portalápiz Grande Surfing Beige","","","22400","No","archived"
"7652783325415","42686117708007","44780759974119","Portalápiz Grande Surfing Fucsia","","","28000","No","archived"
"8457186377959","47306406101223","49405712433383","Portalápiz La Brisa","","","32000","No","archived"
"8458863050983","47332820451559","49432135434471","Portalápiz La Playa","","","32000","No","draft"
"8689589420263","48752344924391","50851230908647","Portalápiz Negro","","","34000","No","active"
"8725260697831","48919370596583","51018291249383","Portalápiz Ocaso","","","34000","No","active"
"8763768471783","49089424130279","51188430340327","Portalápiz Verde","","","34000","No","active"
"8492928893159","47877313954023","49975779590375","sample-savia","","","2333","Si","draft"
"8196220092647","44730160742631","46825922691303","Tarjetero Duo","","","32000","No","archived"
"8196209967335","44730117914855","46825879863527","Tarjetero Retro","","","25600","No","draft"
"8196219601127","44730158088423","46825920037095","Tarjetero Spadina","","","25600","No","draft"
"7870192386279","43471759671527","45566642454759","Toalla Doble Faz Punta Sur","","","85000","No","archived"
"7870193795303","43471763669223","45566646419687","Toalla Doble Faz San Luis","","","85000","No","archived"
"7868322775271","43465400385767","45560281923815","Toalla Doble Faz Serrana","","","85000","No","archived"
"7865468092647","43450715603175","45545593733351","Tote Bag Punta Sur","","","95000","No","archived"
"7865467338983","43450712260839","45545590423783","Tote Bag San Luis","","","95000","No","archived"
"7865447842023","43450606387431","45545484517607","Tote Bag Serrana","","","95000","No","archived"
"8765213114599","49097966387431","51196971942119","Tote Bag Sunset","","","42000","No","active"
"8457196863719","47306456629479","49405762994407","Tula Morral El Mar","","","58500","No","archived"
"8457195421927","47306441883879","49405748216039","Tula Morral La Brisa","","","63000","No","archived"
"8458890477799","47333079482599","49432394498279","Tula Morral La Playa","","","54000","No","active"
"7976843378919","43871988515047","45967107064039","Tula Mostaza","","","24000","No","archived"
"7655615627495","42692512448743","44787156451559","Tula Negra","","","22400","No","archived"
"7865014223079","43448312398055","45543190429927","Tula Punta Sur","","","29400","No","archived"
"7865013600487","43448309285095","45543187316967","Tula San Luis","","","29400","No","archived"
"7865012453607","43448303288551","45543181320423","Tula Serrana","","","29400","No","archived"